Date,Close,High,Low,Open,Volume,daily_return
,AAPL,AAPL,AAPL,AAPL,AAPL,
2026-01-05,266.5345458984375,270.7730094869922,265.41759095171795,269.9053759278346,45647200,
2026-01-06,261.6478271484375,266.8237416838396,261.4084883511094,266.27524679504927,52352100,-0.018334279083890626
2026-01-07,259.6233215332031,262.96423405428067,259.10474402829175,262.485556491205,48309800,-0.007737521221935606
2026-01-08,258.3368225097656,258.58614386359903,255.00587765735156,256.3222864925608,50419300,-0.004955252154698941
2026-01-09,258.6659240722656,259.5036402038468,255.52448097015204,258.3767027680543,39997000,0.0012739243260126987
2026-01-12,259.54351806640625,260.5906555331263,256.1028713590674,258.45648066308013,45263800,0.0033927700267757377
2026-01-13,260.34136962890625,261.0993163539261,257.68861696081353,258.01770778709204,45730800,0.0030740569768183956
2026-01-14,259.2543029785156,261.1092696408236,256.0131254420647,258.78557762508564,40019400,-0.004175543256686898
2026-01-15,257.50909423828125,260.3314293980394,256.35223934409396,259.94247342351326,39388600,-0.00673164811609317
2026-01-16,254.83633422851562,258.1971811198186,254.23795690818102,257.1998957308392,72142800,-0.010379283953724894
2026-01-20,246.0303192138672,254.09835490933511,242.75922413209136,252.04394930256512,80267500,-0.03455557089732719
2026-01-21,246.9777374267578,250.87712721718017,244.51444112970407,248.02489020045314,54641700,0.0038508189393806624
2026-01-22,247.67584228515625,250.31864258405668,247.47637302553753,248.52352576906395,39708300,0.002826590224981107
2026-01-23,247.36666870117188,248.73296007338791,244.0157890837153,246.64863719927277,41689000,-0.0012482993138605014
2026-01-26,254.71669006347656,255.86356228737432,249.121917868832,250.7973501838168,55969200,0.029713062802263712
2026-01-27,257.56890869140625,261.2389423700868,257.5090739976807,258.4664899667647,49648300,0.01119761185346313
2026-01-28,255.74388122558594,258.1572949521919,253.81911240916085,256.9505880888889,41288000,-0.0070855891539567395
2026-01-29,257.5788879394531,258.94516415300217,253.7193980705993,257.29964922744847,67253000,0.007175173478534136
2026-01-30,258.7756652832031,261.1890792690021,251.49546251262876,254.4773517832236,92443400,0.00464625557367615
2026-02-02,269.27703857421875,269.7557160843994,258.50633807413067,259.3241194003358,73913400,0.04058099234146684
2026-02-03,268.7485046386719,271.1419837262723,266.88355520832346,268.4692659190308,64394700,-0.0019627887262330113
2026-02-04,275.7394104003906,278.19275421850585,271.55083028665655,271.55083028665655,90545700,0.026012817340576033
2026-02-05,275.1610412597656,278.7412924914769,272.48832346973,277.37501624935936,52977400,-0.002097520770734884
2026-02-06,277.364990234375,280.1474248180158,276.1782182606431,276.3677049075235,50453400,0.008009669408572728
2026-02-09,274.13079833984375,277.70443813431814,271.2160169672847,277.41494619870406,44623400,-0.011660418612306933
2026-02-10,273.19244384765625,274.87943562430115,272.4537718732244,274.40031021957236,34376900,-0.003423017398520134
2026-02-11,275.00921630859375,279.6808719096702,273.9610989943363,274.2106536370846,51931300,0.0066501563343039916
2026-02-12,261.2637939453125,275.22886395053104,259.7165366668213,275.09909064411113,81077200,-0.04998167896983208
2026-02-13,255.32435607910156,261.7628783299504,254.9949421084194,261.5432690161623,56290700,-0.022733490073462592
2026-02-17,263.4099426269531,265.8156532326085,255.08478749757862,257.5903108294174,58469100,0.03166790145686926
2026-02-18,263.8791198730469,266.3447212846438,261.9825104325609,263.13045584681157,34203300,0.001781167564954833
2026-02-19,260.11578369140625,264.00886051677537,259.5867290635135,262.13220471573277,30845300,-0.01426159138112626
2026-02-20,264.1086730957031,264.2783836675007,257.7001265171608,258.50868117461044,42070500,0.015350431056632585
2026-02-23,265.705810546875,268.95002088588865,262.91081074777924,263.0206001676805,37308200,0.006047273769737682
2026-02-24,271.6552429199219,274.4003442568012,267.233111068832,267.38283777638213,47014600,0.02239105106810335
2026-02-25,273.74151611328125,274.45024283739696,270.567157599074,271.29586819299504,33714300,0.007679856169661159
2026-02-26,272.4637756347656,275.61811956353745,270.31758130113775,274.4602128097023,32345100,-0.004667689785084916
2026-02-27,263.7093811035156,272.3240124520744,262.4217010495403,272.3240124520744,72366500,-0.03213048968015897
2026-03-02,264.2484130859375,266.05518620599753,259.73647625260065,261.94253069595567,41827900,0.002044037948768729
2026-03-03,263.2801818847656,265.08695529305965,259.6666350681776,263.0106738027697,38568900,-0.003664094667077511
2026-03-04,262.0523376464844,265.67587606267574,260.95432154975975,264.17854815272653,39803100,-0.004663640952734749
2026-03-05,259.8263244628906,261.09405110124777,256.79173142961054,260.3254337562426,49658600,-0.008494536639458317
2026-03-06,257.0013427734375,258.3090066542827,253.916851068475,258.16927189629365,41120000,-0.010872576884936036
2026-03-09,259.41705322265625,260.68477987096253,253.22808575123491,255.2345148744848,38218500,0.009399602442343502
2026-03-10,260.3653564453125,262.01244158439727,256.4922936817907,257.19102845716964,30590800,0.003655516130785408
2026-03-11,260.3453674316406,261.6630231774062,259.08760235948154,260.62486739620806,26218900,-7.677293916819039e-05
2026-03-12,255.30438232421875,258.48871731031414,253.72719511663234,258.1992253881205,40794000,-0.01936268410362818
2026-03-13,249.6744384765625,255.87336762960538,249.07551643845036,255.024890934378,36930000,-0.02205188879408504
2026-03-16,252.36964416503906,253.43773019062647,249.4348789230203,251.66090222791988,32074200,0.010794880344667579
2026-03-17,253.77711486816406,254.67552076289968,251.7307636559193,252.5093881906664,32361600,0.0055770205952525576
2026-03-18,249.49476623535156,254.48585937367065,248.55643828829037,252.1799767808244,35757900,-0.01687444762321122
2026-03-19,248.5165252685547,251.38140795985734,246.85947863088072,248.95572868612365,34864100,-0.003920887726655109
2026-03-20,247.54823303222656,248.75606899357115,245.56177255944445,247.53824109812177,88331100,-0.003896289131202657
2026-03-23,251.04200744628906,254.14646797882926,249.83415620831627,253.51758537106093,40546100,0.01411350980480508
2026-03-24,251.1917266845703,254.37604644028636,249.10545347620703,249.90403139868116,45152300,0.0005963911769359953
2026-03-25,252.16998291015625,254.5457480998694,251.15181088451408,253.6473574345128,28476700,0.003894460372950048
2026-03-26,252.43951416015625,256.5421934269488,250.32329549316128,251.67088153367666,41796700,0.001068847476965784
2026-03-27,248.35679626464844,255.03488128462607,247.6281009352486,253.4477020992108,47900000,-0.016173054004998577
2026-03-30,246.19065856933594,250.4230956915925,245.07264337813007,249.62453299565456,39446200,-0.008721878071757172
2026-03-31,253.337890625,255.02488248828539,246.65982101631488,247.46837564153284,49598100,0.029031288584213888
2026-04-01,255.17462158203125,255.7236296181179,252.8787157917901,253.62737973002484,40059400,0.007250123353044202
2026-04-02,255.464111328125,255.6737439434535,250.20349485503914,253.74717405681358,31289400,0.0011344770271390914
2026-04-06,258.3988342285156,261.6929736576745,256.003115847535,256.053045051996,29329900,0.011487808933839494
2026-04-07,253.0484161376953,255.7436185540334,245.2623079794448,255.70368128016966,62148000,-0.02070604577917201
2026-04-08,258.43878173828125,259.2872736156141,256.0730086009651,257.98960165960847,41032800,0.02130171641798695
2026-04-09,260.02593994140625,260.65482250105316,255.6138310165902,258.5386040524215,28121600,0.00614133139171158
2026-04-10,260.0159912109375,261.7229364827484,258.5585701252562,259.5168819122501,31291500,-3.8260530741629495e-05
2026-04-13,258.73828125,259.71651601158027,256.2027973984465,259.2673359057164,36234700,-0.004913966848681062
2026-04-14,258.368896484375,261.4633801130582,256.73183388682423,258.78816168339415,48370700,-0.0014276386309766131
2026-04-15,265.95538330078125,266.08515659729386,257.35074355126085,257.7001261657452,49913500,0.02936300351797594
2026-04-16,262.9307556152344,266.6840670491935,260.804545264895,266.3246925362851,43323100,-0.011372688335946068
2026-04-17,269.7486267089844,271.8149160854778,266.24486962975914,266.4844323486072,61436200,0.02593029133391722
2026-04-20,272.5635681152344,273.7913879220191,269.80850557942483,269.84841238867654,36590200,0.010435424419368289
2026-04-21,265.69586181640625,272.3140256362382,264.9272139873882,271.0163536236942,50209800,-0.025196714096157535
2026-04-22,272.68341064453125,273.2523721409737,266.39461467279705,267.3429346055621,43249200,0.026299050276339386
2026-04-23,272.9429016113281,275.2787294551341,271.1660737405759,274.56001085217736,33399600,0.0009516199250387825
2026-04-24,270.5771179199219,272.5735550213531,269.16962610782736,272.2741016414235,38157100,-0.008667687188198547
2026-04-27,267.1332702636719,267.88193422863776,264.59781690250213,265.6159889280984,41466800,-0.012727786010601316
2026-04-28,270.2277526855469,272.7432830913257,268.181416710472,271.8548539018017,40018900,0.011584039752220443
2026-04-29,269.688720703125,270.55716597281076,266.56429174844374,267.07336249706583,30047900,-0.001994732136373578
2026-04-30,270.86663818359375,275.50834883767226,267.6623648300734,270.018146234023,91848200,0.0043676927881808325
2026-05-01,279.6409606933594,286.7083346607987,277.87409435408995,278.36321169794013,79915400,0.03239351501021104
2026-05-04,276.33685302734375,280.13010214166496,274.3703610857382,279.16182884121525,46668400,-0.0118155353844559
2026-05-05,283.67376708984375,284.0630869835518,276.00745521106614,276.43668191704,49311700,0.026550617415383337
2026-05-06,286.9978332519531,287.5168959460148,280.5693031693742,281.4177950537395,58336100,0.011717918777652159
2026-05-07,286.9279479980469,291.60959552514373,285.2709015174152,288.75467457606095,45224300,-0.0002435044652232543
2026-05-08,292.7974853515625,294.2349225642168,289.48339230776435,289.49338424193445,52692800,0.020456485310924144
2026-05-11,292.42779541015625,293.6267735875138,289.979924827367,291.72841688276577,42247300,-0.0012626131025762488
2026-05-12,294.54595947265625,295.0155556946294,292.3078994315659,292.3078994315659,45748100,0.007243374589372076
2026-05-13,298.6124572753906,300.6607090744109,293.24708951115105,293.24708951115105,52684300,0.013805987391627639
2026-05-14,297.9530334472656,300.1911240450107,295.12548538387824,299.5616620172475,35324900,-0.002208293097152536
2026-05-15,299.9713134765625,302.93875555297063,296.26448829773227,297.643304079477,54862800,0.006773819369938039
2026-05-18,297.5833435058594,300.4009207908792,294.6558756451712,299.98126929450746,34483000,-0.007960661114649215
2026-05-19,298.7123718261719,300.2510533099592,296.09463441963413,296.7140952726279,42243600,0.0037939903054091673
2026-05-20,301.98956298828125,302.5390768782648,297.82314269813475,297.9230626302997,38229800,0.010971059357449242
2026-05-21,304.7271728515625,305.27671719779084,300.1411318265125,300.80056674721834,42965100,0.00906524661379593
2026-05-22,308.55389404296875,311.13165741506583,305.57645096183757,305.85620846339293,43670200,0.012557860054279724
2026-05-26,308.0643005371094,311.5513139598484,307.4048960873393,309.29325163060713,48000500,-0.001586735786880733
2026-05-27,310.5821533203125,312.9900803339556,308.0343323058515,308.0643052358437,50430900,0.008173140408717527
2026-05-28,312.24072265625,312.5304508120942,309.30325358892543,310.412282475935,48220400,0.00534019523725493
2026-05-29,311.7911071777344,314.7285763294451,309.2632884033746,311.5113496628706,70026800,-0.0014399642515899869
2026-06-01,306.0460510253906,310.67206624496237,304.7571540774977,309.363197507879,48849900,-0.01842597822736758
2026-06-02,314.92840576171875,315.1781903378333,306.42572903356995,307.1950545511415,44534700,0.029022935295418106
2026-06-03,309.9926452636719,316.6668815001487,308.5838566628498,313.9092501546009,50836700,-0.01567264307615801
2026-06-04,310.9618225097656,313.26982953176514,309.38316692864953,312.96009909963743,44869100,0.00312645238815068
2026-06-05,307.0751647949219,314.8984348439246,306.8853260765596,312.5903972939029,65310500,-0.012498826008526143
2026-06-08,301.2801818847656,317.1265012321255,300.9105055796523,308.4739595974908,77949100,-0.018871545388655542
2026-06-09,290.29962158203125,300.4908444635933,287.5320194610898,300.0212482417878,70108800,-0.036446341189923515
2026-06-10,291.3287353515625,294.4960172141002,287.1323727394638,290.4894628291428,52793300,0.0035450055495178656
2026-06-11,295.375244140625,296.7440586571729,289.3404406054596,293.4668864344149,42572500,0.01388983748609407
2026-06-12,290.879150390625,296.88398158337014,289.3704417369658,295.7749221682621,38742100,-0.015221633631081977
2026-06-15,296.1645812988281,297.5233947188816,291.4486474146935,293.8665449684006,45732600,0.018170538868479413
2026-06-16,298.9821472167969,300.2210994929347,293.71669913987887,294.99559499590845,39874400,0.009513514092780229
2026-06-17,295.6949768066406,301.8096980081642,294.10632015937927,300.59074812548096,42745100,-0.010994537435617069
2026-06-18,297.7532043457031,300.31099586682666,295.3652492546472,297.8530937792582,85962200,0.006960644246616354
2026-06-22,296.75408935546875,302.1594314563154,296.5043047694293,297.05381866220307,44879900,-0.003355513813629196
2026-06-23,294.04638671875,301.3800886038737,293.9264950024863,297.2836155142734,52010900,-0.009124398732296202
2026-06-24,292.8274230957031,299.4417438827621,292.68755959702736,295.1054570720635,53081900,-0.004145480706800209
2026-06-25,274.91290283203125,288.55113481081804,273.5141152813601,287.1523472601469,107013700,-0.06117774105404383
2026-06-26,283.53546142578125,285.70360492137456,273.9737007161028,274.7630284991681,261775500,0.03136469225316163
2026-06-29,281.4972229003906,288.12151489662153,279.6088673150861,286.4829438934296,66427000,-0.007188654692930396
2026-06-30,289.11065673828125,289.69017405322865,280.45814550695326,280.9277417485351,65100200,0.027046212958856453
2026-07-01,294.1263427734375,296.33442991747245,288.95081360688545,293.1871503157195,50164200,0.017348672275670385
2026-07-02,308.3640441894531,309.15337194761725,293.4269150966668,293.866538367699,75352800,0.04840675364798175
2026-07-06,312.3905944824219,313.9292760509671,306.7354678654279,307.0951430290638,53590000,0.01305778143996239
2026-07-07,310.3923034667969,315.20815732134815,309.88273318392555,315.0183186077797,42490000,-0.006396770744445224
2026-07-08,313.1199645996094,314.5487250421545,306.7854009831778,311.6412289475945,41323500,0.008787785980344909
2026-07-09,315.947509765625,316.2572401947346,307.8944576262147,310.24243869469103,48124500,0.00903022957872146
2026-07-10,315.0483093261719,316.6369356310425,311.9010296470402,314.4488202226986,34132300,-0.002846043762522954
2026-07-13,317.03656005859375,323.171283634363,315.5078797345754,316.7468014245228,43257800,0.006310939222858858
2026-07-14,314.58868408203125,315.91755515351207,311.64124426456783,313.48965629761443,36336800,-0.007721115748007379
2026-07-15,327.2178039550781,328.44675508114506,317.0465830462295,317.34631234952286,60957600,0.04014486379221993
2026-07-16,332.97283935546875,334.3915986652446,326.50841333986017,327.72736328456057,62970600,0.017587781993612772
2026-07-17,333.452392578125,334.7013154010385,328.71648699084636,331.693929977533,63407100,0.0014402172368908062
2026-07-20,326.3085632324219,333.4224228207836,323.4010672140761,333.2226134619852,53468000,-0.02142383591993391
2026-07-21,327.45758056640625,329.3159936819017,321.94234806189104,322.85156758462244,41338900,0.0035212601306020552
2026-07-22,325.60919189453125,328.7164973399543,323.0613709608057,327.58746619388995,38755900,-0.005644666001250687
2026-07-23,321.3828430175781,323.0214140443725,319.0748358849152,321.4527900194849,40840800,-0.012979820539962161
2026-07-24,332.7330322265625,334.0818750563203,321.3428614810286,321.5127284115298,47489400,0.03531672413627751
2026-07-27,336.61968994140625,339.277401491225,333.73216560461384,334.2517370375488,49604300,0.011681009513348384
2026-07-28,339.78692626953125,342.59453283396704,335.31080637618777,339.73698155301014,51859000,0.009408945533389002
2026-07-29,337.8985900878906,344.2730974331505,337.0593175600121,339.43727163464206,56090800,-0.005557412706758247
2026-07-30,333.1426696777344,334.4615395264105,329.30598233808786,332.8129674612056,74817800,-0.014074993355015719
2026-07-31,308.6438293457031,310.4222943774597,299.7415030462749,304.54735603914753,132489100,-0.07353858440208272
2026-08-03,303.1585693359375,311.5313230344714,302.29929450581176,309.313234694189,75052000,-0.017772135672998512
2026-08-04,309.1134033203125,310.1525156602479,301.0603512911937,302.46913991298527,68001000,0.019642637836096544
2026-08-05,310.7320251464844,311.4414048335362,305.40663118634393,309.09342362565195,49438800,0.005236336596166957
2026-08-06,312.14080810546875,316.0174696892129,308.96355554648414,314.06913775686996,46139900,0.004533755277783991
2026-08-07,313.05999755859375,314.53873325457766,310.47223295908327,311.1816431226555,34437200,0.0029447910342259576
2026-08-10,308.260009765625,308.260009765625,304.6099853515625,306.8299865722656,44812500,-0.015332485243728322
2026-08-11,304.9100036621094,309.9700012207031,302.7900085449219,307.75,37476700,-0.010867469011185404
2026-08-12,302.25,305.6600036621094,300.57000732421875,305.1000061035156,41657800,-0.008723897642456846
2026-08-13,305.260009765625,306.0,302.04998779296875,304.2099914550781,40349300,0.009958675816790663
2026-08-14,305.92999267578125,307.489990234375,304.29998779296875,306.0,28229400,0.002194794236790587
2026-08-17,305.5899963378906,307.6600036621094,302.94000244140625,306.2099914550781,38169300,-0.0011113534012042736
2026-08-18,310.0299987792969,311.489990234375,305.739990234375,307.5799865722656,53424500,0.014529279409058127
2026-08-19,316.8299865722656,319.2799987792969,309.6000061035156,310.1400146484375,50505600,0.021933322000267097
2026-08-20,311.29998779296875,320.2799987792969,310.6499938964844,317.4599914550781,40959200,-0.017454152112068244
2026-08-21,309.3500061035156,312.3800048828125,307.010009765625,312.04998779296875,46876800,-0.006263995393247401
2026-08-24,310.3399963378906,313.3599853515625,309.9700012207031,311.4700012207031,34673600,0.0032002269754076718
2026-08-25,309.8999938964844,313.5899963378906,308.2099914550781,310.7900085449219,25869800,-0.0014178077160482694
2026-08-26,313.45001220703125,315.42999267578125,308.79998779296875,310.29998779296875,34024500,0.011455367474878742
2026-08-27,314.5799865722656,315.3999938964844,309.3999938964844,310.54998779296875,32419200,0.003604958753321119
2026-08-28,319.70001220703125,322.3699951171875,315.45001220703125,316.8500061035156,38649400,0.01627575132974779
2026-08-31,316.8500061035156,321.239990234375,312.79998779296875,319.6000061035156,41242700,-0.008914626195478559
2026-09-01,325.1300048828125,327.29998779296875,314.7300109863281,316.9800109863281,53167400,0.02613223487390992
2026-09-02,324.9599914550781,328.3999938964844,323.5299987792969,326.8699951171875,33776400,-0.000522909067699362
2026-09-03,328.2099914550781,330.80999755859375,324.1099853515625,324.8699951171875,37225800,0.010001231183714099
2026-09-04,319.9700012207031,328.92999267578125,317.8599853515625,328.30999755859375,39606900,-0.025105848234065142
2026-09-08,316.2200012207031,320.70001220703125,314.8999938964844,317.1000061035156,35477100,-0.011719848691107093
2026-09-09,315.3399963378906,319.1499938964844,309.8999938964844,315.489990234375,65640000,-0.0027828881140200545
2026-09-10,326.57000732421875,326.739990234375,316.510009765625,316.6700134277344,70011900,0.03561239017170226
2026-09-11,332.2699890136719,336.2200012207031,326.29998779296875,327.45001220703125,50716900,0.017454088133066703
2026-09-14,333.0799865722656,335.5,331.3399963378906,334.7900085449219,39269100,0.0024377692400032736
2026-09-15,331.3399963378906,331.7799987792969,328.3500061035156,330.1400146484375,31748200,-0.005223941108804753
2026-09-16,332.4100036621094,335.4800109863281,330.70001220703125,332.5299987792969,35981000,0.0032293334219983816
2026-09-17,337.0,338.3399963378906,330.17999267578125,334.7699890136719,36700200,0.01380823768034456
2026-09-18,336.1300048828125,338.489990234375,332.5299987792969,337.9100036621094,86588200,-0.0025815878848294282
2026-09-21,338.9800109863281,339.6400146484375,333.04998779296875,335.2799987792969,34999200,0.0084788803799567
2026-09-22,339.75,345.3399963378906,338.75,340.1400146484375,40711800,0.002271487960105567
2026-09-23,337.0199890136719,341.79998779296875,335.5,341.0799865722656,31658800,-0.008035352424806796
